timestamp,epoch,episode,total_episode_count,total_actions,invalid_actions,invalid_pct,blocks_placed,acc_step_reward,final_eval_reward,total_reward,epsilon,max_floor,floor_distribution,pruned_types,dead_tiles,dead_rotations,rejected_rot_aim,rejected_proximity
2026-04-28 14:32:33,1,1,1,5,0,0.0,4,1.8000,-5.0000,-3.2000,1.00000,0,F0:4,0,0,0,0,147
2026-04-28 14:32:33,1,2,2,5,0,0.0,4,1.7260,-5.0000,-3.2740,0.99321,1,F0:3|F1:1,0,0,0,0,104
2026-04-28 14:32:33,1,3,3,5,0,0.0,4,1.6000,-5.0000,-3.4000,0.98648,0,F0:4,0,0,0,0,84
2026-04-28 14:32:33,1,4,4,2,0,0.0,1,0.3500,-5.0000,-4.6500,0.97978,0,F0:1,0,0,0,0,0
2026-04-28 14:32:33,1,5,5,4,0,0.0,3,0.9500,-5.0000,-4.0500,0.97313,0,F0:3,0,0,0,0,0
2026-04-28 14:32:33,1,6,6,2,0,0.0,1,0.3500,-5.0000,-4.6500,0.96653,0,F0:1,0,0,0,0,0
2026-04-28 14:32:33,1,7,7,6,0,0.0,5,1.9600,-5.0000,-3.0400,0.95997,0,F0:5,0,0,0,0,45
2026-04-28 14:32:33,1,8,8,4,0,0.0,3,1.1500,-5.0000,-3.8500,0.95346,0,F0:3,0,0,0,0,98
2026-04-28 14:32:33,1,9,9,5,0,0.0,4,1.8000,-5.0000,-3.2000,0.94699,0,F0:4,0,0,0,0,96
2026-04-28 14:32:33,1,10,10,7,0,0.0,6,3.1100,-3.4000,-0.2900,0.94056,0,F0:7,0,0,0,0,202
2026-04-28 14:32:34,1,11,11,4,0,0.0,3,1.1900,-5.0000,-3.8100,0.93418,0,F0:3,0,0,0,0,1011
2026-04-28 14:32:35,2,1,12,2,0,0.0,1,0.3500,-5.0000,-4.6500,0.92784,0,F0:1,0,0,0,0,1307
2026-04-28 14:32:36,2,2,13,2,0,0.0,1,0.3500,-5.0000,-4.6500,0.92155,0,F0:1,0,0,0,0,1508
2026-04-28 14:32:37,2,3,14,2,0,0.0,1,0.3500,-5.0000,-4.6500,0.91529,0,F0:1,0,0,0,0,1157
2026-04-28 14:32:38,2,4,15,2,0,0.0,1,0.3500,-5.0000,-4.6500,0.90908,0,F0:1,0,0,0,0,1480
2026-04-28 14:32:39,2,5,16,2,0,0.0,1,0.3500,-5.0000,-4.6500,0.90291,0,F0:1,0,0,0,0,1310
2026-04-28 14:32:40,2,6,17,2,0,0.0,1,0.3500,-5.0000,-4.6500,0.89679,0,F0:1,0,0,0,0,1360
2026-04-28 14:32:42,2,7,18,3,0,0.0,2,0.6700,-5.0000,-4.3300,0.89070,0,F0:2,0,0,0,0,3033
2026-04-28 14:32:46,2,8,19,5,0,0.0,4,1.9500,-5.0000,-3.0500,0.88466,0,F0:4,0,0,0,0,4745
2026-04-28 14:32:47,2,9,20,2,0,0.0,1,0.3500,-5.0000,-4.6500,0.87866,0,F0:1,0,0,0,0,1449
2026-04-28 14:32:48,2,10,21,2,0,0.0,1,0.3500,-5.0000,-4.6500,0.87269,0,F0:1,0,0,0,0,1530
2026-04-28 14:32:51,2,11,22,5,0,0.0,4,1.8300,-5.0000,-3.1700,0.86677,0,F0:4,0,0,0,0,4705
2026-04-28 14:32:54,3,1,23,4,0,0.0,3,1.0900,-5.0000,-3.9100,0.86089,0,F0:3,0,0,0,0,2967
2026-04-28 14:32:57,3,2,24,5,0,0.0,4,1.8260,-5.0000,-3.1740,0.85505,1,F0:3|F1:1,0,0,0,0,4747
2026-04-28 14:33:00,3,3,25,5,0,0.0,4,1.8500,-5.0000,-3.1500,0.84925,0,F0:5,0,0,0,0,4315
2026-04-28 14:33:04,3,4,26,8,0,0.0,7,3.5060,8.5681,12.0741,0.84349,1,F0:6|F1:1,0,0,0,0,4773
2026-04-28 14:33:06,3,5,27,4,0,0.0,3,1.5100,-5.0000,-3.4900,0.83776,0,F0:3,0,0,0,0,2415
2026-04-28 14:33:07,3,6,28,2,0,0.0,1,0.3500,-5.0000,-4.6500,0.83208,0,F0:1,0,0,0,0,1234
2026-04-28 14:33:13,3,7,29,9,0,0.0,8,4.3420,-6.7340,-2.3920,0.82643,1,F0:6|F1:3,0,0,0,0,4602
2026-04-28 14:33:15,3,8,30,3,0,0.0,2,0.5700,-5.0000,-4.4300,0.82082,0,F0:2,0,0,0,0,2050
2026-04-28 14:33:19,3,9,31,5,0,0.0,4,2.0100,-5.0000,-2.9900,0.81525,0,F0:4,0,0,0,0,4216
2026-04-28 14:33:20,3,10,32,2,0,0.0,1,0.3500,-5.0000,-4.6500,0.80972,0,F0:1,0,0,0,0,1587
2026-04-28 14:33:23,3,11,33,5,0,0.0,4,1.8900,-5.0000,-3.1100,0.80423,0,F0:5,0,0,0,0,4499
2026-04-28 14:33:24,4,1,34,2,0,0.0,1,0.3500,-5.0000,-4.6500,0.79877,0,F0:1,0,0,0,0,1565
2026-04-28 14:33:27,4,2,35,6,0,0.0,5,2.5300,-5.0000,-2.4700,0.79335,0,F0:5,0,0,0,0,4741
2026-04-28 14:33:28,4,3,36,2,0,0.0,1,0.3500,-5.0000,-4.6500,0.78797,0,F0:1,0,0,0,0,1744
2026-04-28 14:33:33,4,4,37,8,0,0.0,7,3.9400,12.0804,16.0204,0.78262,0,F0:7,0,0,0,0,5924
2026-04-28 14:33:35,4,5,38,4,0,0.0,3,1.5400,-5.0000,-3.4600,0.77731,0,F0:3,0,0,0,0,541
2026-04-28 14:33:36,4,6,39,2,0,0.0,1,0.3500,-5.0000,-4.6500,0.77204,0,F0:1,0,0,0,0,441
2026-04-28 14:33:38,4,7,40,4,0,0.0,3,1.2500,-5.0000,-3.7500,0.76680,0,F0:3,0,0,0,0,1344
2026-04-28 14:33:43,4,8,41,10,0,0.0,9,5.7040,10.8372,16.5412,0.76160,1,F0:8|F1:2,0,0,0,0,7060
2026-04-28 14:33:46,4,9,42,4,0,0.0,3,1.1900,-5.0000,-3.8100,0.75643,0,F0:3,0,0,0,0,3078
2026-04-28 14:33:48,4,10,43,4,0,0.0,3,1.1900,-5.0000,-3.8100,0.75130,0,F0:3,0,0,0,0,3070
2026-04-28 14:33:50,4,11,44,4,0,0.0,3,1.2400,-5.0000,-3.7600,0.74620,0,F0:4,0,0,0,0,3151
2026-04-28 14:33:55,5,1,45,8,0,0.0,7,3.6300,8.1719,11.8019,0.74113,0,F0:8,0,0,0,0,6091
2026-04-28 14:33:59,5,2,46,8,0,0.0,7,3.5800,-2.0820,1.4980,0.73611,0,F0:8,0,0,0,0,5835
2026-04-28 14:34:00,5,3,47,2,0,0.0,1,0.3500,-5.0000,-4.6500,0.73111,0,F0:1,0,0,0,0,1732
2026-04-28 14:34:03,5,4,48,6,0,0.0,5,2.4260,-5.0000,-2.5740,0.72615,1,F0:4|F1:1,0,0,0,0,4764
2026-04-28 14:34:06,5,5,49,5,0,0.0,4,1.9760,-5.0000,-3.0240,0.72122,1,F0:4|F1:1,0,0,0,0,4734
2026-04-28 14:34:10,5,6,50,5,0,0.0,4,1.8500,-5.0000,-3.1500,0.71633,0,F0:5,0,0,0,0,4628
2026-04-28 14:34:13,5,7,51,6,0,0.0,5,2.2800,-5.0000,-2.7200,0.71147,0,F0:5,0,0,0,0,5034
2026-04-28 14:34:18,5,8,52,9,0,0.0,8,3.9800,-2.0030,1.9770,0.70664,0,F0:9,0,0,0,0,7744
2026-04-28 14:34:22,5,9,53,5,0,0.0,4,1.4600,-5.0000,-3.5400,0.70185,0,F0:4,0,0,0,0,4989
2026-04-28 14:34:24,5,10,54,3,0,0.0,2,0.6700,-5.0000,-4.3300,0.69708,0,F0:2,0,0,0,0,2710
2026-04-28 14:34:28,5,11,55,8,0,0.0,7,3.5860,-3.2079,0.3781,0.69235,1,F0:6|F1:2,0,0,0,0,5136
2026-04-28 14:34:30,6,1,56,4,0,0.0,3,1.3400,-5.0000,-3.6600,0.68766,0,F0:4,0,0,0,0,2472
2026-04-28 14:34:34,6,2,57,6,0,0.0,5,2.4660,-5.0000,-2.5340,0.68299,1,F0:4|F1:1,0,0,0,0,2870
2026-04-28 14:34:39,6,3,58,7,0,0.0,6,2.9300,8.3404,11.2704,0.67836,0,F0:7,0,0,0,0,4472
2026-04-28 14:34:40,6,4,59,2,0,0.0,1,0.3500,-5.0000,-4.6500,0.67375,0,F0:1,0,0,0,0,1367
2026-04-28 14:34:44,6,5,60,8,0,0.0,7,3.3560,-3.3480,0.0080,0.66918,1,F0:6|F1:1,0,0,0,0,6156
2026-04-28 14:34:45,6,6,61,2,0,0.0,1,0.3500,-5.0000,-4.6500,0.66464,0,F0:1,0,0,0,0,1543
2026-04-28 14:34:47,6,7,62,4,0,0.0,3,1.6900,-5.0000,-3.3100,0.66013,0,F0:4,0,0,0,0,2458
2026-04-28 14:34:52,6,8,63,8,0,0.0,7,3.3200,-4.5860,-1.2660,0.65565,0,F0:7,0,0,0,0,6836
2026-04-28 14:34:55,6,9,64,5,0,0.0,4,1.7000,-5.0000,-3.3000,0.65120,0,F0:4,0,0,0,0,4074
2026-04-28 14:34:57,6,10,65,4,0,0.0,3,1.0900,-5.0000,-3.9100,0.64678,0,F0:3,0,0,0,0,2481
2026-04-28 14:35:00,6,11,66,5,0,0.0,4,1.6600,-5.0000,-3.3400,0.64240,0,F0:4,0,0,0,0,3797
2026-04-28 14:35:03,7,1,67,5,0,0.0,4,1.3800,-5.0000,-3.6200,0.63804,0,F0:4,0,0,0,0,4191
2026-04-28 14:35:08,7,2,68,7,0,0.0,6,2.6200,-4.3850,-1.7650,0.63371,0,F0:6,0,0,0,0,4791
2026-04-28 14:35:11,7,3,69,5,0,0.0,4,1.9500,-5.0000,-3.0500,0.62941,0,F0:4,0,0,0,0,3225
2026-04-28 14:35:14,7,4,70,6,0,0.0,5,2.2000,-5.0000,-2.8000,0.62514,0,F0:5,0,0,0,0,3282
2026-04-28 14:35:18,7,5,71,5,0,0.0,4,1.5600,-5.0000,-3.4400,0.62089,0,F0:4,0,0,0,0,3832
2026-04-28 14:35:21,7,6,72,5,0,0.0,4,1.6600,-5.0000,-3.3400,0.61668,0,F0:4,0,0,0,0,3192
2026-04-28 14:35:25,7,7,73,6,0,0.0,5,2.0200,-5.0000,-2.9800,0.61250,0,F0:5,0,0,0,0,3499
2026-04-28 14:35:26,7,8,74,2,0,0.0,1,0.3500,-5.0000,-4.6500,0.60834,0,F0:1,0,0,0,0,1114
2026-04-28 14:35:29,7,9,75,6,0,0.0,5,2.6160,-1.0260,1.5900,0.60421,1,F0:4|F1:2,0,0,0,0,3069
2026-04-28 14:35:33,7,10,76,6,0,0.0,5,2.4500,-5.0000,-2.5500,0.60011,0,F0:5,0,0,0,0,3581
2026-04-28 14:35:35,7,11,77,4,0,0.0,3,1.0900,-5.0000,-3.9100,0.59604,0,F0:3,0,0,0,0,3199
2026-04-28 14:35:38,8,1,78,6,0,0.0,5,2.0400,-5.0000,-2.9600,0.59200,0,F0:5,0,0,0,0,4747
2026-04-28 14:35:39,8,2,79,2,0,0.0,1,0.3500,-5.0000,-4.6500,0.58798,0,F0:1,0,0,0,0,1553
2026-04-28 14:35:44,8,3,80,7,0,0.0,6,2.4600,-4.5370,-2.0770,0.58399,0,F0:6,0,0,0,0,4252
2026-04-28 14:35:48,8,4,81,7,0,0.0,6,3.2000,7.5439,10.7439,0.58003,0,F0:6,0,0,0,0,5543
2026-04-28 14:35:51,8,5,82,5,0,0.0,4,2.1100,-5.0000,-2.8900,0.57609,0,F0:4,0,0,0,0,3446
2026-04-28 14:35:56,8,6,83,8,0,0.0,7,3.8600,12.0899,15.9499,0.57218,0,F0:7,0,0,0,0,5830
2026-04-28 14:35:57,8,7,84,2,0,0.0,1,0.3500,-5.0000,-4.6500,0.56830,0,F0:1,0,0,0,0,1077
2026-04-28 14:36:01,8,8,85,5,0,0.0,4,1.9500,-5.0000,-3.0500,0.56444,0,F0:4,0,0,0,0,2654
2026-04-28 14:36:02,8,9,86,2,0,0.0,1,0.3500,-5.0000,-4.6500,0.56061,0,F0:1,0,0,0,0,808
2026-04-28 14:36:03,8,10,87,2,0,0.0,1,0.3500,-5.0000,-4.6500,0.55681,0,F0:1,0,0,0,0,684
2026-04-28 14:36:05,8,11,88,3,0,0.0,2,0.6700,-5.0000,-4.3300,0.55303,0,F0:2,0,0,0,0,1188
2026-04-28 14:36:11,9,1,89,10,0,0.0,9,5.0600,9.2785,14.3385,0.54928,0,F0:9,0,0,0,0,3752
2026-04-28 14:36:18,9,2,90,13,0,0.0,12,7.4200,10.1526,17.5726,0.54555,0,F0:13,0,0,0,0,10022
2026-04-28 14:36:22,9,3,91,5,0,0.0,4,1.5600,-5.0000,-3.4400,0.54185,0,F0:4,0,0,0,0,4876
2026-04-28 14:36:24,9,4,92,4,0,0.0,3,1.2400,-5.0000,-3.7600,0.53817,0,F0:4,0,0,0,0,2584
2026-04-28 14:36:27,9,5,93,5,0,0.0,4,1.9100,-5.0000,-3.0900,0.53452,0,F0:4,0,0,0,0,4578
2026-04-28 14:36:30,9,6,94,6,0,0.0,5,2.5300,-5.0000,-2.4700,0.53090,0,F0:5,0,0,0,0,4525
2026-04-28 14:36:37,9,7,95,12,0,0.0,11,6.0900,8.7366,14.8266,0.52729,0,F0:11,0,0,0,0,9618
2026-04-28 14:36:41,9,8,96,7,0,0.0,6,3.0400,8.5436,11.5836,0.52372,0,F0:6,0,0,0,0,6976
2026-04-28 14:36:44,9,9,97,5,0,0.0,4,2.0700,-5.0000,-2.9300,0.52016,0,F0:4,0,0,0,0,4161
2026-04-28 14:36:45,9,10,98,2,0,0.0,1,0.3500,-5.0000,-4.6500,0.51663,0,F0:1,0,0,0,0,1345
2026-04-28 14:36:46,9,11,99,2,0,0.0,1,0.3500,-5.0000,-4.6500,0.51313,0,F0:1,0,0,0,0,1271
2026-04-28 14:36:50,10,1,100,5,0,0.0,4,2.2000,-5.0000,-2.8000,0.50965,0,F0:5,0,0,0,0,4671
2026-04-28 14:36:54,10,2,101,7,0,0.0,6,3.4360,12.9684,16.4044,0.50619,1,F0:5|F1:1,0,0,0,0,5794
2026-04-28 14:36:57,10,3,102,6,0,0.0,5,2.3660,-5.0000,-2.6340,0.50275,1,F0:4|F1:1,0,0,0,0,4473
2026-04-28 14:37:00,10,4,103,6,0,0.0,5,2.8100,-5.0000,-2.1900,0.49934,0,F0:5,0,0,0,0,4514
2026-04-28 14:37:01,10,5,104,2,0,0.0,1,0.3500,-5.0000,-4.6500,0.49595,0,F0:1,0,0,0,0,2038
2026-04-28 14:37:03,10,6,105,4,0,0.0,3,1.4000,-5.0000,-3.6000,0.49259,0,F0:3,0,0,0,0,2993
2026-04-28 14:37:08,10,7,106,8,0,0.0,7,3.9300,7.3144,11.2444,0.48925,0,F0:7,0,0,0,0,5744
2026-04-28 14:37:09,10,8,107,2,0,0.0,1,0.3500,-5.0000,-4.6500,0.48593,0,F0:1,0,0,0,0,1200
2026-04-28 14:37:13,10,9,108,7,0,0.0,6,3.1760,-2.2890,0.8870,0.48263,1,F0:5|F1:1,0,0,0,0,4576
2026-04-28 14:37:14,10,10,109,2,0,0.0,1,0.3500,-5.0000,-4.6500,0.47935,0,F0:1,0,0,0,0,1185
2026-04-28 14:37:16,10,11,110,3,0,0.0,2,0.5700,-5.0000,-4.4300,0.47610,0,F0:2,0,0,0,0,2132
2026-04-28 14:37:19,11,1,111,5,0,0.0,4,1.5600,-5.0000,-3.4400,0.47287,0,F0:4,0,0,0,0,4068
2026-04-28 14:37:24,11,2,112,9,0,0.0,8,4.4000,-3.0848,1.3152,0.46966,0,F0:8,0,0,0,0,6288
2026-04-28 14:37:25,11,3,113,2,0,0.0,1,0.3500,-5.0000,-4.6500,0.46648,0,F0:1,0,0,0,0,1315
2026-04-28 14:37:29,11,4,114,5,0,0.0,4,1.5600,-5.0000,-3.4400,0.46331,0,F0:4,0,0,0,0,3723
2026-04-28 14:37:30,11,5,115,2,0,0.0,1,0.3500,-5.0000,-4.6500,0.46017,0,F0:1,0,0,0,0,1242
2026-04-28 14:37:33,11,6,116,5,0,0.0,4,1.9100,-5.0000,-3.0900,0.45704,0,F0:4,0,0,0,0,3792
2026-04-28 14:37:36,11,7,117,6,0,0.0,5,2.5500,-5.0000,-2.4500,0.45394,0,F0:5,0,0,0,0,3119
2026-04-28 14:37:39,11,8,118,5,0,0.0,4,1.6600,-5.0000,-3.3400,0.45086,0,F0:4,0,0,0,0,2406
2026-04-28 14:37:41,11,9,119,4,0,0.0,3,1.2400,-5.0000,-3.7600,0.44780,0,F0:4,0,0,0,0,2127
2026-04-28 14:37:44,11,10,120,6,0,0.0,5,2.6900,-5.0000,-2.3100,0.44476,0,F0:5,0,0,0,0,3147
2026-04-28 14:37:45,11,11,121,2,0,0.0,1,0.3500,-5.0000,-4.6500,0.44175,0,F0:1,0,0,0,0,1483
2026-04-28 14:37:49,12,1,122,5,0,0.0,4,1.7100,-5.0000,-3.2900,0.43875,0,F0:4,0,0,0,0,3364
2026-04-28 14:37:52,12,2,123,5,0,0.0,4,2.0700,-5.0000,-2.9300,0.43577,0,F0:4,0,0,0,0,3693
2026-04-28 14:37:54,12,3,124,4,0,0.0,3,1.4000,-5.0000,-3.6000,0.43282,0,F0:3,0,0,0,0,2746
2026-04-28 14:37:55,12,4,125,2,0,0.0,1,0.3500,-5.0000,-4.6500,0.42988,0,F0:1,0,0,0,0,1455
2026-04-28 14:37:58,12,5,126,5,0,0.0,4,1.9100,-5.0000,-3.0900,0.42696,0,F0:4,0,0,0,0,4188
2026-04-28 14:38:03,12,6,127,7,0,0.0,6,3.4000,11.2342,14.6342,0.42406,0,F0:6,0,0,0,0,5532
2026-04-28 14:38:05,12,7,128,3,0,0.0,2,0.5700,-5.0000,-4.4300,0.42119,0,F0:2,0,0,0,0,2620
2026-04-28 14:38:06,12,8,129,2,0,0.0,1,0.3500,-5.0000,-4.6500,0.41833,0,F0:1,0,0,0,0,1368
2026-04-28 14:38:09,12,9,130,6,0,0.0,5,2.1700,-5.0000,-2.8300,0.41549,0,F0:5,0,0,0,0,3577
2026-04-28 14:38:10,12,10,131,2,0,0.0,1,0.3500,-5.0000,-4.6500,0.41267,0,F0:1,0,0,0,0,1224
2026-04-28 14:38:12,12,11,132,2,0,0.0,1,0.3500,-5.0000,-4.6500,0.40987,0,F0:1,0,0,0,0,1208
2026-04-28 14:38:15,13,1,133,5,0,0.0,4,2.0700,-5.0000,-2.9300,0.40709,0,F0:4,0,0,0,0,3753
2026-04-28 14:38:19,13,2,134,5,0,0.0,4,2.0100,-5.0000,-2.9900,0.40433,0,F0:4,0,0,0,0,3973
2026-04-28 14:38:22,13,3,135,6,0,0.0,5,2.7500,-5.0000,-2.2500,0.40158,0,F0:5,0,0,0,0,3188
2026-04-28 14:38:25,13,4,136,5,0,0.0,4,2.0700,-5.0000,-2.9300,0.39886,0,F0:4,0,0,0,0,3780
2026-04-28 14:38:28,13,5,137,3,0,0.0,2,0.5700,-5.0000,-4.4300,0.39615,0,F0:2,0,0,0,0,2566
2026-04-28 14:38:30,13,6,138,3,0,0.0,2,0.5700,-5.0000,-4.4300,0.39347,0,F0:2,0,0,0,0,2936
2026-04-28 14:38:36,13,7,139,9,0,0.0,8,4.6500,9.2167,13.8667,0.39080,0,F0:8,0,0,0,0,7640
2026-04-28 14:38:39,13,8,140,6,0,0.0,5,2.5300,-5.0000,-2.4700,0.38814,0,F0:5,0,0,0,0,4634
2026-04-28 14:38:43,13,9,141,5,0,0.0,4,1.9500,-5.0000,-3.0500,0.38551,0,F0:4,0,0,0,0,4833
2026-04-28 14:38:47,13,10,142,6,0,0.0,5,2.4000,-5.0000,-2.6000,0.38289,0,F0:5,0,0,0,0,4617
2026-04-28 14:38:50,13,11,143,5,0,0.0,4,2.5500,-5.0000,-2.4500,0.38030,0,F0:5,0,0,0,0,4567
2026-04-28 14:38:56,14,1,144,9,0,0.0,8,4.4000,9.8376,14.2376,0.37772,0,F0:8,0,0,0,0,6619
2026-04-28 14:38:59,14,2,145,4,0,0.0,3,1.0900,-5.0000,-3.9100,0.37515,0,F0:3,0,0,0,0,2491
2026-04-28 14:39:04,14,3,146,10,0,0.0,9,5.0300,-3.3829,1.6471,0.37261,0,F0:10,0,0,0,0,5811
2026-04-28 14:39:11,14,4,147,12,0,0.0,11,6.0300,5.0241,11.0541,0.37008,0,F0:11,0,0,0,0,8099
2026-04-28 14:39:15,14,5,148,7,0,0.0,6,3.2000,6.2285,9.4285,0.36757,0,F0:6,0,0,0,0,5050
2026-04-28 14:39:18,14,6,149,5,0,0.0,4,2.0700,-5.0000,-2.9300,0.36507,0,F0:4,0,0,0,0,4422
2026-04-28 14:39:22,14,7,150,6,0,0.0,5,2.1000,-5.0000,-2.9000,0.36260,0,F0:5,0,0,0,0,4250
2026-04-28 14:39:25,14,8,151,5,0,0.0,4,2.0100,-5.0000,-2.9900,0.36014,0,F0:4,0,0,0,0,4788
2026-04-28 14:39:28,14,9,152,6,0,0.0,5,2.1400,-5.0000,-2.8600,0.35769,0,F0:5,0,0,0,0,4144
2026-04-28 14:39:29,14,10,153,2,0,0.0,1,0.3500,-5.0000,-4.6500,0.35527,0,F0:1,0,0,0,0,1122
2026-04-28 14:39:33,14,11,154,7,0,0.0,6,3.4200,13.3130,16.7330,0.35286,0,F0:6,0,0,0,0,3883
2026-04-28 14:39:37,15,1,155,5,0,0.0,4,2.0500,-5.0000,-2.9500,0.35046,0,F0:4,0,0,0,0,3297
2026-04-28 14:39:41,15,2,156,7,0,0.0,6,2.5300,-5.5070,-2.9770,0.34808,0,F0:6,0,0,0,0,5525
2026-04-28 14:39:46,15,3,157,9,0,0.0,8,4.3960,-4.0750,0.3210,0.34572,1,F0:7|F1:2,0,0,0,0,7046
2026-04-28 14:39:50,15,4,158,6,0,0.0,5,2.0200,-5.0000,-2.9800,0.34338,0,F0:5,0,0,0,0,3530
2026-04-28 14:39:53,15,5,159,5,0,0.0,4,1.7600,-5.0000,-3.2400,0.34105,0,F0:4,0,0,0,0,3755
2026-04-28 14:39:58,15,6,160,9,0,0.0,8,4.4300,5.6556,10.0856,0.33873,0,F0:8,0,0,0,0,6005
2026-04-28 14:40:02,15,7,161,5,0,0.0,4,1.8200,-5.0000,-3.1800,0.33643,0,F0:4,0,0,0,0,3971
2026-04-28 14:40:05,15,8,162,5,0,0.0,4,2.0100,-5.0000,-2.9900,0.33415,0,F0:4,0,0,0,0,3575
2026-04-28 14:40:07,15,9,163,4,0,0.0,3,1.1500,-5.0000,-3.8500,0.33188,0,F0:3,0,0,0,0,2301
2026-04-28 14:40:08,15,10,164,2,0,0.0,1,0.3500,-5.0000,-4.6500,0.32963,0,F0:1,0,0,0,0,742
2026-04-28 14:40:12,15,11,165,7,0,0.0,6,3.2200,-4.9500,-1.7300,0.32739,0,F0:7,0,0,0,0,4130
2026-04-28 14:40:16,16,1,166,5,0,0.0,4,1.5600,-5.0000,-3.4400,0.32517,0,F0:4,0,0,0,0,3261
2026-04-28 14:40:20,16,2,167,8,0,0.0,7,4.2800,10.7785,15.0585,0.32297,0,F0:7,0,0,0,0,5220
2026-04-28 14:40:24,16,3,168,5,0,0.0,4,1.7600,-5.0000,-3.2400,0.32077,0,F0:4,0,0,0,0,3183
2026-04-28 14:40:27,16,4,169,5,0,0.0,4,1.5400,-5.0000,-3.4600,0.31860,0,F0:4,0,0,0,0,2627
2026-04-28 14:40:32,16,5,170,8,0,0.0,7,2.9600,-10.1640,-7.2040,0.31644,0,F0:7,0,0,0,0,3488
2026-04-28 14:40:35,16,6,171,5,0,0.0,4,1.1800,-5.0000,-3.8200,0.31429,0,F0:4,0,0,0,0,2929
2026-04-28 14:40:38,16,7,172,5,0,0.0,4,2.1000,-5.0000,-2.9000,0.31216,0,F0:5,0,0,0,0,2987
2026-04-28 14:40:42,16,8,173,7,0,0.0,6,3.5300,10.8744,14.4044,0.31004,0,F0:8,0,0,0,0,3354
2026-04-28 14:40:50,16,9,174,14,0,0.0,13,9.8980,11.5638,21.4618,0.30793,1,F0:13|F1:5,0,0,0,0,7935
2026-04-28 14:40:52,16,10,175,4,0,0.0,3,0.9500,-5.0000,-4.0500,0.30585,0,F0:3,0,0,0,0,2145
2026-04-28 14:40:55,16,11,176,6,0,0.0,5,2.8200,-5.0000,-2.1800,0.30377,0,F0:5,0,0,0,0,2600
2026-04-28 14:40:58,17,1,177,4,0,0.0,3,1.2100,-5.0000,-3.7900,0.30171,0,F0:3,0,0,0,0,1802
2026-04-28 14:41:01,17,2,178,5,0,0.0,4,1.7500,-5.0000,-3.2500,0.29966,0,F0:5,0,0,0,0,2200
2026-04-28 14:41:08,17,3,179,11,0,0.0,10,6.3760,3.5606,9.9366,0.29763,1,F0:10|F1:2,0,0,0,0,8314
2026-04-28 14:41:11,17,4,180,5,0,0.0,4,2.0700,-5.0000,-2.9300,0.29561,0,F0:4,0,0,0,0,4250
2026-04-28 14:41:16,17,5,181,7,0,0.0,6,2.9800,10.6357,13.6157,0.29360,0,F0:6,0,0,0,0,6364
2026-04-28 14:41:19,17,6,182,6,0,0.0,5,2.8000,11.0018,13.8018,0.29161,0,F0:6,0,0,0,0,4251
2026-04-28 14:41:24,17,7,183,8,0,0.0,7,4.1200,12.2949,16.4149,0.28963,0,F0:7,0,0,0,0,6212
2026-04-28 14:41:30,17,8,184,11,0,0.0,10,6.2200,14.3478,20.5678,0.28767,0,F0:10,0,0,0,0,8317
2026-04-28 14:41:36,17,9,185,10,0,0.0,9,4.8700,8.9638,13.8338,0.28571,0,F0:9,0,0,0,0,6935
2026-04-28 14:41:40,17,10,186,8,0,0.0,7,3.9200,7.1313,11.0513,0.28378,0,F0:7,0,0,0,0,4947
2026-04-28 14:41:48,17,11,187,13,0,0.0,12,7.7360,12.1784,19.9144,0.28185,1,F0:11|F1:2,0,0,0,0,9766
2026-04-28 14:41:54,18,1,188,9,0,0.0,8,4.7600,10.2646,15.0246,0.27994,0,F0:8,0,0,0,0,5961
2026-04-28 14:42:01,18,2,189,14,0,0.0,13,7.5160,0.5607,8.0767,0.27804,1,F0:12|F1:1,0,0,0,0,7957
2026-04-28 14:42:08,18,3,190,10,0,0.0,9,4.3200,5.1780,9.4980,0.27615,0,F0:9,0,0,0,0,4850
2026-04-28 14:42:14,18,4,191,10,0,0.0,9,4.7900,3.9852,8.7752,0.27428,0,F0:9,0,0,0,0,5373
2026-04-28 14:42:17,18,5,192,6,0,0.0,5,2.5300,-5.0000,-2.4700,0.27242,0,F0:5,0,0,0,0,4254
2026-04-28 14:42:21,18,6,193,6,0,0.0,5,2.7500,-5.0000,-2.2500,0.27057,0,F0:5,0,0,0,0,4821
2026-04-28 14:42:25,18,7,194,6,0,0.0,5,2.5300,-5.0000,-2.4700,0.26873,0,F0:5,0,0,0,0,4771
2026-04-28 14:42:31,18,8,195,9,0,0.0,8,4.8400,7.9517,12.7917,0.26691,0,F0:9,0,0,0,0,7094
2026-04-28 14:42:32,18,9,196,2,0,0.0,1,0.3500,-5.0000,-4.6500,0.26510,0,F0:1,0,0,0,0,1232
2026-04-28 14:42:34,18,10,197,4,0,0.0,3,1.2100,-5.0000,-3.7900,0.26330,0,F0:3,0,0,0,0,2632
2026-04-28 14:42:41,18,11,198,12,0,0.0,11,6.6800,9.3912,16.0712,0.26151,0,F0:11,0,0,0,0,7821
2026-04-28 14:42:44,19,1,199,6,0,0.0,5,2.5600,-5.0000,-2.4400,0.25974,0,F0:5,0,0,0,0,3322
2026-04-28 14:42:48,19,2,200,5,0,0.0,4,1.8200,-5.0000,-3.1800,0.25798,0,F0:4,0,0,0,0,4040
2026-04-28 14:42:50,19,3,201,3,0,0.0,2,0.5700,-5.0000,-4.4300,0.25623,0,F0:2,0,0,0,0,1965
2026-04-28 14:42:52,19,4,202,4,0,0.0,3,1.1500,-5.0000,-3.8500,0.25449,0,F0:3,0,0,0,0,2034
2026-04-28 14:42:55,19,5,203,3,0,0.0,2,0.5700,-5.0000,-4.4300,0.25276,0,F0:2,0,0,0,0,2169
2026-04-28 14:42:59,19,6,204,7,0,0.0,6,2.8400,9.2582,12.0982,0.25105,0,F0:6,0,0,0,0,5000
2026-04-28 14:43:04,19,7,205,7,0,0.0,6,3.0300,6.9250,9.9550,0.24934,0,F0:6,0,0,0,0,3370
2026-04-28 14:43:06,19,8,206,4,0,0.0,3,1.1500,-5.0000,-3.8500,0.24765,0,F0:3,0,0,0,0,1063
2026-04-28 14:43:08,19,9,207,4,0,0.0,3,1.0500,-5.0000,-3.9500,0.24597,0,F0:3,0,0,0,0,997
2026-04-28 14:43:16,19,10,208,13,0,0.0,12,7.7000,10.8959,18.5959,0.24430,0,F0:12,0,0,0,0,4989
2026-04-28 14:43:20,19,11,209,6,0,0.0,5,2.2700,-5.0000,-2.7300,0.24264,0,F0:5,0,0,0,0,4082
2026-04-28 14:43:23,20,1,210,6,0,0.0,5,2.8900,11.8781,14.7681,0.24100,0,F0:6,0,0,0,0,4302
2026-04-28 14:43:26,20,2,211,4,0,0.0,3,1.4000,-5.0000,-3.6000,0.23936,0,F0:3,0,0,0,0,2437
2026-04-28 14:43:29,20,3,212,6,0,0.0,5,2.5300,-5.0000,-2.4700,0.23774,0,F0:5,0,0,0,0,4243
2026-04-28 14:43:34,20,4,213,8,0,0.0,7,3.3100,5.2230,8.5330,0.23612,0,F0:7,0,0,0,0,5840
2026-04-28 14:43:35,20,5,214,2,0,0.0,1,0.3500,-5.0000,-4.6500,0.23452,0,F0:1,0,0,0,0,1402
2026-04-28 14:43:38,20,6,215,6,0,0.0,5,2.3500,-5.0000,-2.6500,0.23293,0,F0:5,0,0,0,0,4460
2026-04-28 14:43:41,20,7,216,5,0,0.0,4,2.0700,-5.0000,-2.9300,0.23135,0,F0:4,0,0,0,0,4176
2026-04-28 14:43:45,20,8,217,5,0,0.0,4,2.0700,-5.0000,-2.9300,0.22978,0,F0:4,0,0,0,0,3661
2026-04-28 14:43:51,20,9,218,11,0,0.0,10,5.3700,2.0713,7.4413,0.22822,0,F0:10,0,0,0,0,8109
2026-04-28 14:43:52,20,10,219,2,0,0.0,1,0.3500,-5.0000,-4.6500,0.22667,0,F0:1,0,0,0,0,1373
2026-04-28 14:43:54,20,11,220,3,0,0.0,2,0.5700,-5.0000,-4.4300,0.22513,0,F0:2,0,0,0,0,1811
2026-04-28 14:44:03,21,1,221,16,0,0.0,15,9.2900,1.9868,11.2768,0.22361,0,F0:16,0,0,0,0,8483
2026-04-28 14:44:04,21,2,222,2,0,0.0,1,0.3500,-5.0000,-4.6500,0.22209,0,F0:1,0,0,0,0,1077
2026-04-28 14:44:08,21,3,223,5,0,0.0,4,1.8100,-5.0000,-3.1900,0.22058,0,F0:4,0,0,0,0,3964
2026-04-28 14:44:13,21,4,224,9,0,0.0,8,4.4600,7.5689,12.0289,0.21909,0,F0:8,0,0,0,0,8086
2026-04-28 14:44:15,21,5,225,3,0,0.0,2,0.6700,-5.0000,-4.3300,0.21760,0,F0:2,0,0,0,0,3254
2026-04-28 14:44:18,21,6,226,6,0,0.0,5,2.4300,-5.0000,-2.5700,0.21612,0,F0:5,0,0,0,0,4190
2026-04-28 14:44:24,21,7,227,9,0,0.0,8,4.7200,10.9628,15.6828,0.21466,0,F0:8,0,0,0,0,7233
2026-04-28 14:44:27,21,8,228,6,0,0.0,5,2.5300,-5.0000,-2.4700,0.21320,0,F0:5,0,0,0,0,4010
2026-04-28 14:44:35,21,9,229,14,0,0.0,13,8.1900,8.8998,17.0898,0.21175,0,F0:13,0,0,0,0,9115
2026-04-28 14:44:41,21,10,230,11,0,0.0,10,5.9200,4.0991,10.0191,0.21032,0,F0:10,0,0,0,0,7655
2026-04-28 14:44:47,21,11,231,9,0,0.0,8,4.7500,8.5990,13.3490,0.20889,0,F0:8,0,0,0,0,6716
2026-04-28 14:44:53,22,1,232,9,0,0.0,8,4.7500,9.0012,13.7512,0.20747,0,F0:8,0,0,0,0,6072
2026-04-28 14:44:59,22,2,233,9,0,0.0,8,4.4300,5.0219,9.4519,0.20606,0,F0:8,0,0,0,0,5834
2026-04-28 14:45:03,22,3,234,7,0,0.0,6,3.1600,7.9764,11.1364,0.20467,0,F0:6,0,0,0,0,7296
2026-04-28 14:45:04,22,4,235,2,0,0.0,1,0.3500,-5.0000,-4.6500,0.20328,0,F0:1,0,0,0,0,1714
2026-04-28 14:45:06,22,5,236,4,0,0.0,3,1.2500,-5.0000,-3.7500,0.20190,0,F0:3,0,0,0,0,3720
2026-04-28 14:45:09,22,6,237,4,0,0.0,3,1.1500,-5.0000,-3.8500,0.20053,0,F0:3,0,0,0,0,3869
2026-04-28 14:45:11,22,7,238,4,0,0.0,3,1.1900,-5.0000,-3.8100,0.19917,0,F0:3,0,0,0,0,4124
2026-04-28 14:45:14,22,8,239,5,0,0.0,4,1.6600,-5.0000,-3.3400,0.19782,0,F0:4,0,0,0,0,6053
2026-04-28 14:45:16,22,9,240,4,0,0.0,3,1.2500,-5.0000,-3.7500,0.19647,0,F0:3,0,0,0,0,4149
2026-04-28 14:45:18,22,10,241,4,0,0.0,3,1.2500,-5.0000,-3.7500,0.19514,0,F0:3,0,0,0,0,4191
2026-04-28 14:45:19,22,11,242,2,0,0.0,1,0.3500,-5.0000,-4.6500,0.19382,0,F0:1,0,0,0,0,1969
2026-04-28 14:45:22,23,1,243,5,0,0.0,4,2.0600,-5.0000,-2.9400,0.19250,0,F0:4,0,0,0,0,5409
2026-04-28 14:45:25,23,2,244,4,0,0.0,3,1.1500,-5.0000,-3.8500,0.19120,0,F0:3,0,0,0,0,2198
2026-04-28 14:45:27,23,3,245,4,0,0.0,3,1.1500,-5.0000,-3.8500,0.18990,0,F0:3,0,0,0,0,1895
2026-04-28 14:45:31,23,4,246,8,0,0.0,7,3.3200,-2.5940,0.7260,0.18861,0,F0:7,0,0,0,0,1472
2026-04-28 14:45:34,23,5,247,5,0,0.0,4,1.5600,-5.0000,-3.4400,0.18733,0,F0:4,0,0,0,0,1124
2026-04-28 14:45:38,23,6,248,8,0,0.0,7,3.6700,-2.6260,1.0440,0.18606,0,F0:8,0,0,0,0,749
2026-04-28 14:45:47,23,7,249,15,0,0.0,14,10.6638,9.6999,20.3637,0.18480,4,F0:11|F1:2|F2:2|F3:2|F4:2,0,0,0,0,9239
2026-04-28 14:45:51,23,8,250,7,0,0.0,6,3.7400,11.4743,15.2143,0.18354,0,F0:6,0,0,0,0,6401
2026-04-28 14:45:54,23,9,251,4,0,0.0,3,1.2400,-5.0000,-3.7600,0.18230,0,F0:4,0,0,0,0,3079
2026-04-28 14:45:59,23,10,252,9,0,0.0,8,5.2860,11.9304,17.2164,0.18106,1,F0:7|F1:2,0,0,0,0,7782
2026-04-28 14:46:04,23,11,253,9,0,0.0,8,4.5900,8.1727,12.7627,0.17983,0,F0:9,0,0,0,0,7063
2026-04-28 14:46:10,24,1,254,12,0,0.0,11,7.1300,10.8182,17.9482,0.17861,0,F0:12,0,0,0,0,8731
2026-04-28 14:46:18,24,2,255,13,0,0.0,12,6.6900,0.5864,7.2764,0.17740,0,F0:12,0,0,0,0,9352
2026-04-28 14:46:25,24,3,256,14,0,0.0,13,7.9660,4.7559,12.7219,0.17620,1,F0:12|F1:1,0,0,0,0,8418
2026-04-28 14:46:28,24,4,257,5,0,0.0,4,1.8500,-5.0000,-3.1500,0.17500,0,F0:5,0,0,0,0,3146
2026-04-28 14:46:35,24,5,258,11,0,0.0,10,5.6700,5.0073,10.6773,0.17381,0,F0:10,0,0,0,0,5263
2026-04-28 14:46:40,24,6,259,9,0,0.0,8,4.5600,8.5924,13.1524,0.17263,0,F0:8,0,0,0,0,4955
2026-04-28 14:46:42,24,7,260,4,0,0.0,3,1.5000,-5.0000,-3.5000,0.17146,0,F0:3,0,0,0,0,2356
2026-04-28 14:46:48,24,8,261,9,0,0.0,8,4.2000,4.0358,8.2358,0.17030,0,F0:8,0,0,0,0,6590
2026-04-28 14:46:50,24,9,262,4,0,0.0,3,1.5000,-5.0000,-3.5000,0.16914,0,F0:3,0,0,0,0,2534
2026-04-28 14:46:52,24,10,263,4,0,0.0,3,1.5000,-5.0000,-3.5000,0.16799,0,F0:3,0,0,0,0,2790
2026-04-28 14:46:59,24,11,264,12,0,0.0,11,6.6000,3.2286,9.8286,0.16685,0,F0:11,0,0,0,0,7658
2026-04-28 14:47:04,25,1,265,9,0,0.0,8,4.6900,9.2422,13.9322,0.16572,0,F0:8,0,0,0,0,5693
2026-04-28 14:47:09,25,2,266,8,0,0.0,7,4.0100,-0.4440,3.5660,0.16460,0,F0:7,0,0,0,0,3697
2026-04-28 14:47:10,25,3,267,2,0,0.0,1,0.3500,-5.0000,-4.6500,0.16348,0,F0:1,0,0,0,0,1007
2026-04-28 14:47:15,25,4,268,8,0,0.0,7,4.2600,11.4061,15.6661,0.16237,0,F0:7,0,0,0,0,4456
2026-04-28 14:47:17,25,5,269,4,0,0.0,3,1.5000,-5.0000,-3.5000,0.16127,0,F0:3,0,0,0,0,2290
2026-04-28 14:47:20,25,6,270,5,0,0.0,4,2.2000,-5.0000,-2.8000,0.16018,0,F0:5,0,0,0,0,4239
2026-04-28 14:47:24,25,7,271,6,0,0.0,5,2.3900,-5.0000,-2.6100,0.15909,0,F0:5,0,0,0,0,3740
2026-04-28 14:47:27,25,8,272,5,0,0.0,4,2.3700,-5.0000,-2.6300,0.15801,0,F0:4,0,0,0,0,3820
2026-04-28 14:47:28,25,9,273,2,0,0.0,1,0.3500,-5.0000,-4.6500,0.15694,0,F0:1,0,0,0,0,1643
2026-04-28 14:47:32,25,10,274,5,0,0.0,4,2.3100,-5.0000,-2.6900,0.15587,0,F0:4,0,0,0,0,4477
2026-04-28 14:47:38,25,11,275,9,0,0.0,8,4.6900,8.4726,13.1626,0.15482,0,F0:8,0,0,0,0,6705
2026-04-28 14:47:40,26,1,276,3,0,0.0,2,0.6700,-5.0000,-4.3300,0.15376,0,F0:2,0,0,0,0,2371
2026-04-28 14:47:44,26,2,277,5,0,0.0,4,1.8100,-5.0000,-3.1900,0.15272,0,F0:4,0,0,0,0,4105
2026-04-28 14:47:51,26,3,278,9,0,0.0,8,4.6000,10.4134,15.0134,0.15168,0,F0:8,0,0,0,0,6313
2026-04-28 14:47:52,26,4,279,2,0,0.0,1,0.3500,-5.0000,-4.6500,0.15066,0,F0:1,0,0,0,0,1180
2026-04-28 14:47:59,26,5,280,9,0,0.0,8,5.1000,11.9329,17.0329,0.14963,0,F0:8,0,0,0,0,5976
2026-04-28 14:48:05,26,6,281,7,0,0.0,6,3.1000,4.1725,7.2725,0.14862,0,F0:6,0,0,0,0,4603
2026-04-28 14:48:12,26,7,282,10,0,0.0,9,5.0900,9.0565,14.1465,0.14761,0,F0:10,0,0,0,0,4844
2026-04-28 14:48:18,26,8,283,9,0,0.0,8,4.6000,10.4055,15.0055,0.14661,0,F0:8,0,0,0,0,4593
2026-04-28 14:48:23,26,9,284,7,0,0.0,6,3.6400,9.8913,13.5313,0.14561,0,F0:6,0,0,0,0,3477
2026-04-28 14:48:29,26,10,285,8,0,0.0,7,4.2800,10.7671,15.0471,0.14463,0,F0:7,0,0,0,0,3497
2026-04-28 14:48:34,26,11,286,8,0,0.0,7,3.7000,-3.7490,-0.0490,0.14364,0,F0:7,0,0,0,0,4246
2026-04-28 14:48:40,27,1,287,7,0,0.0,6,3.6400,9.6493,13.2893,0.14267,0,F0:6,0,0,0,0,4386
2026-04-28 14:48:47,27,2,288,9,0,0.0,8,4.3000,8.1019,12.4019,0.14170,0,F0:8,0,0,0,0,5208
2026-04-28 14:48:53,27,3,289,7,0,0.0,6,2.7800,7.0277,9.8077,0.14074,0,F0:6,0,0,0,0,4836
2026-04-28 14:48:55,27,4,290,2,0,0.0,1,0.3500,-5.0000,-4.6500,0.13978,0,F0:1,0,0,0,0,1395
2026-04-28 14:49:02,27,5,291,8,0,0.0,7,3.9300,9.4474,13.3774,0.13884,0,F0:7,0,0,0,0,5426
2026-04-28 14:49:06,27,6,292,4,0,0.0,3,1.2500,-5.0000,-3.7500,0.13789,0,F0:3,0,0,0,0,2215
2026-04-28 14:49:14,27,7,293,9,0,0.0,8,4.2400,9.4265,13.6665,0.13696,0,F0:8,0,0,0,0,5435
2026-04-28 14:49:20,27,8,294,9,0,0.0,8,4.3300,5.7119,10.0419,0.13603,0,F0:8,0,0,0,0,5057
2026-04-28 14:49:23,27,9,295,5,0,0.0,4,1.8600,-5.0000,-3.1400,0.13511,0,F0:4,0,0,0,0,2589
2026-04-28 14:49:30,27,10,296,12,0,0.0,11,6.7800,8.3248,15.1048,0.13419,0,F0:12,0,0,0,0,4482
2026-04-28 14:49:36,27,11,297,10,0,0.0,9,5.4900,11.1370,16.6270,0.13328,0,F0:9,0,0,0,0,4195
2026-04-28 14:49:40,28,1,298,5,0,0.0,4,1.8100,-5.0000,-3.1900,0.13237,0,F0:4,0,0,0,0,3165
2026-04-28 14:49:42,28,2,299,4,0,0.0,3,1.4000,-5.0000,-3.6000,0.13148,0,F0:3,0,0,0,0,2256
2026-04-28 14:49:48,28,3,300,9,0,0.0,8,4.2000,1.8118,6.0118,0.13058,0,F0:8,0,0,0,0,5594
2026-04-28 14:49:53,28,4,301,7,0,0.0,6,3.2900,11.5158,14.8058,0.12970,0,F0:6,0,0,0,0,5451
2026-04-28 14:49:55,28,5,302,4,0,0.0,3,1.2400,-5.0000,-3.7600,0.12882,0,F0:4,0,0,0,0,2959
2026-04-28 14:50:01,28,6,303,9,0,0.0,8,4.5500,8.7588,13.3088,0.12794,0,F0:9,0,0,0,0,5952
2026-04-28 14:50:10,28,7,304,13,0,0.0,12,7.7560,4.2864,12.0424,0.12708,1,F0:12|F1:2,0,0,0,0,8282
2026-04-28 14:50:11,28,8,305,2,0,0.0,1,0.3500,-5.0000,-4.6500,0.12621,0,F0:1,0,0,0,0,953
2026-04-28 14:50:21,28,9,306,15,0,0.0,14,9.2600,10.3434,19.6034,0.12536,0,F0:14,0,0,0,0,9759
2026-04-28 14:50:27,28,10,307,10,0,0.0,9,5.2900,8.8103,14.1003,0.12451,0,F0:9,0,0,0,0,6442
2026-04-28 14:50:34,28,11,308,12,0,0.0,11,6.6100,3.9832,10.5932,0.12366,0,F0:11,0,0,0,0,6643
2026-04-28 14:50:41,29,1,309,12,0,0.0,11,6.5200,6.9893,13.5093,0.12282,0,F0:11,0,0,0,0,7018
2026-04-28 14:50:49,29,2,310,14,0,0.0,13,8.4200,10.8797,19.2997,0.12199,0,F0:13,0,0,0,0,6979
2026-04-28 14:50:55,29,3,311,9,0,0.0,8,4.7500,8.9514,13.7014,0.12116,0,F0:8,0,0,0,0,7374
2026-04-28 14:51:01,29,4,312,9,0,0.0,8,4.7500,11.5014,16.2514,0.12034,0,F0:8,0,0,0,0,6351
2026-04-28 14:51:05,29,5,313,8,0,0.0,7,4.3800,11.3780,15.7580,0.11952,0,F0:7,0,0,0,0,4833
2026-04-28 14:51:08,29,6,314,4,0,0.0,3,1.0900,-5.0000,-3.9100,0.11871,0,F0:3,0,0,0,0,2558
2026-04-28 14:51:12,29,7,315,8,0,0.0,7,4.5200,11.1176,15.6376,0.11791,0,F0:8,0,0,0,0,5280
2026-04-28 14:51:14,29,8,316,2,0,0.0,1,0.3500,-5.0000,-4.6500,0.11711,0,F0:1,0,0,0,0,834
2026-04-28 14:51:18,29,9,317,7,0,0.0,6,3.3200,9.2494,12.5694,0.11631,0,F0:6,0,0,0,0,4386
2026-04-28 14:51:22,29,10,318,6,0,0.0,5,2.7900,-5.0000,-2.2100,0.11552,0,F0:5,0,0,0,0,3758
2026-04-28 14:51:26,29,11,319,7,0,0.0,6,3.6400,11.2983,14.9383,0.11474,0,F0:6,0,0,0,0,4154
2026-04-28 14:51:32,30,1,320,7,0,0.0,6,3.6400,10.6131,14.2531,0.11396,0,F0:6,0,0,0,0,4418
2026-04-28 14:51:39,30,2,321,12,0,0.0,11,6.8700,7.9954,14.8654,0.11319,0,F0:11,0,0,0,0,6248
2026-04-28 14:51:45,30,3,322,7,0,0.0,6,2.9300,2.2432,5.1732,0.11242,0,F0:6,0,0,0,0,4125
2026-04-28 14:51:47,30,4,323,4,0,0.0,3,1.1500,-5.0000,-3.8500,0.11166,0,F0:3,0,0,0,0,2740
2026-04-28 14:51:50,30,5,324,4,0,0.0,3,1.4000,-5.0000,-3.6000,0.11090,0,F0:3,0,0,0,0,2549
2026-04-28 14:51:55,30,6,325,7,0,0.0,6,2.9300,5.8505,8.7805,0.11015,0,F0:6,0,0,0,0,3819
2026-04-28 14:51:58,30,7,326,4,0,0.0,3,1.4000,-5.0000,-3.6000,0.10940,0,F0:3,0,0,0,0,2509
2026-04-28 14:52:03,30,8,327,5,0,0.0,4,2.0700,-5.0000,-2.9300,0.10866,0,F0:4,0,0,0,0,3441
2026-04-28 14:52:08,30,9,328,7,0,0.0,6,3.5500,10.6860,14.2360,0.10792,0,F0:6,0,0,0,0,3928
2026-04-28 14:52:10,30,10,329,2,0,0.0,1,0.3500,-5.0000,-4.6500,0.10719,0,F0:1,0,0,0,0,1122
2026-04-28 14:52:17,30,11,330,12,0,0.0,11,6.5500,4.4084,10.9584,0.10646,0,F0:11,0,0,0,0,7483
2026-04-28 14:52:21,31,1,331,8,0,0.0,7,4.2500,10.5717,14.8217,0.10574,0,F0:7,0,0,0,0,5464
2026-04-28 14:52:26,31,2,332,7,0,0.0,6,3.5500,10.7740,14.3240,0.10502,0,F0:6,0,0,0,0,4645
2026-04-28 14:52:30,31,3,333,7,0,0.0,6,3.6400,11.0704,14.7104,0.10431,0,F0:6,0,0,0,0,5561
2026-04-28 14:52:35,31,4,334,7,0,0.0,6,3.5500,11.5943,15.1443,0.10360,0,F0:6,0,0,0,0,4365
2026-04-28 14:52:41,31,5,335,9,0,0.0,8,4.4300,9.3389,13.7689,0.10290,0,F0:8,0,0,0,0,5305
2026-04-28 14:52:43,31,6,336,4,0,0.0,3,1.4000,-5.0000,-3.6000,0.10220,0,F0:3,0,0,0,0,2424
2026-04-28 14:52:45,31,7,337,4,0,0.0,3,1.4000,-5.0000,-3.6000,0.10150,0,F0:3,0,0,0,0,1926
2026-04-28 14:52:47,31,8,338,4,0,0.0,3,1.4000,-5.0000,-3.6000,0.10082,0,F0:3,0,0,0,0,1683
2026-04-28 14:52:50,31,9,339,4,0,0.0,3,1.5000,-5.0000,-3.5000,0.10013,0,F0:3,0,0,0,0,1732
2026-04-28 14:52:55,31,10,340,9,0,0.0,8,4.4300,6.0245,10.4545,0.09945,0,F0:8,0,0,0,0,4674
2026-04-28 14:53:00,31,11,341,8,0,0.0,7,4.0200,9.0422,13.0622,0.09878,0,F0:7,0,0,0,0,2867
2026-04-28 14:53:05,32,1,342,8,0,0.0,7,4.3400,11.5580,15.8980,0.09811,0,F0:8,0,0,0,0,3846
2026-04-28 14:53:11,32,2,343,10,0,0.0,9,5.8100,11.6233,17.4333,0.09744,0,F0:9,0,0,0,0,5631
2026-04-28 14:53:12,32,3,344,2,0,0.0,1,0.3500,-5.0000,-4.6500,0.09678,0,F0:1,0,0,0,0,1411
2026-04-28 14:53:15,32,4,345,6,0,0.0,5,2.6300,-5.0000,-2.3700,0.09612,0,F0:5,0,0,0,0,3622
2026-04-28 14:53:22,32,5,346,11,0,0.0,10,5.9300,9.2183,15.1483,0.09547,0,F0:10,0,0,0,0,7899
2026-04-28 14:53:34,32,6,347,19,0,0.0,18,13.2200,10.6615,23.8815,0.09482,0,F0:18,0,0,0,0,11811
2026-04-28 14:53:36,32,7,348,4,0,0.0,3,1.1500,-5.0000,-3.8500,0.09418,0,F0:3,0,0,0,0,1753
2026-04-28 14:53:39,32,8,349,5,0,0.0,4,2.0700,-5.0000,-2.9300,0.09354,0,F0:4,0,0,0,0,3866
2026-04-28 14:53:43,32,9,350,6,0,0.0,5,2.3500,-5.0000,-2.6500,0.09291,0,F0:5,0,0,0,0,3251
2026-04-28 14:53:45,32,10,351,3,0,0.0,2,0.5700,-5.0000,-4.4300,0.09228,0,F0:2,0,0,0,0,1970
2026-04-28 14:53:52,32,11,352,9,0,0.0,8,4.2400,6.6839,10.9239,0.09165,0,F0:8,0,0,0,0,5082
2026-04-28 14:53:54,33,1,353,4,0,0.0,3,1.4000,-5.0000,-3.6000,0.09103,0,F0:3,0,0,0,0,1985
2026-04-28 14:53:59,33,2,354,8,0,0.0,7,3.8300,8.0599,11.8899,0.09041,0,F0:7,0,0,0,0,4225
2026-04-28 14:54:10,33,3,355,17,0,0.0,16,11.2500,8.2365,19.4865,0.08980,0,F0:16,0,0,0,0,10094
2026-04-28 14:54:17,33,4,356,10,0,0.0,9,5.0600,7.3176,12.3776,0.08919,0,F0:9,0,0,0,0,5702
2026-04-28 14:54:23,33,5,357,9,0,0.0,8,4.6600,8.4640,13.1240,0.08858,0,F0:8,0,0,0,0,5386
2026-04-28 14:54:29,33,6,358,8,0,0.0,7,3.6700,3.2907,6.9607,0.08798,0,F0:7,0,0,0,0,4397
2026-04-28 14:54:35,33,7,359,9,0,0.0,8,4.5900,5.2340,9.8240,0.08738,0,F0:8,0,0,0,0,5462
2026-04-28 14:54:41,33,8,360,11,0,0.0,10,5.4100,0.8186,6.2286,0.08679,0,F0:10,0,0,0,0,7477
2026-04-28 14:54:47,33,9,361,9,0,0.0,8,4.8500,10.1541,15.0041,0.08620,0,F0:8,0,0,0,0,5906
2026-04-28 14:54:52,33,10,362,7,0,0.0,6,3.6400,11.1592,14.7992,0.08562,0,F0:6,0,0,0,0,5044
2026-04-28 14:54:56,33,11,363,7,0,0.0,6,3.6400,11.1592,14.7992,0.08504,0,F0:6,0,0,0,0,4998
2026-04-28 14:55:03,34,1,364,11,0,0.0,10,6.1100,9.8299,15.9399,0.08446,0,F0:10,0,0,0,0,5866
2026-04-28 14:55:08,34,2,365,9,0,0.0,8,4.9800,11.1572,16.1372,0.08389,0,F0:8,0,0,0,0,5821
2026-04-28 14:55:12,34,3,366,8,0,0.0,7,4.3700,12.2690,16.6390,0.08332,0,F0:7,0,0,0,0,4971
2026-04-28 14:55:13,34,4,367,2,0,0.0,1,0.3500,-5.0000,-4.6500,0.08275,0,F0:1,0,0,0,0,972
2026-04-28 14:55:21,34,5,368,13,0,0.0,12,8.1160,9.4487,17.5647,0.08219,1,F0:12|F1:2,0,0,0,0,6676
2026-04-28 14:55:28,34,6,369,14,0,0.0,13,8.1800,7.5251,15.7051,0.08163,0,F0:13,0,0,0,0,6688
2026-04-28 14:55:33,34,7,370,7,0,0.0,6,3.2900,11.7083,14.9983,0.08108,0,F0:6,0,0,0,0,4404
2026-04-28 14:55:37,34,8,371,8,0,0.0,7,3.6700,0.1174,3.7874,0.08053,0,F0:7,0,0,0,0,4725
2026-04-28 14:55:40,34,9,372,6,0,0.0,5,2.7200,-5.0000,-2.2800,0.07998,0,F0:5,0,0,0,0,2213
2026-04-28 14:55:45,34,10,373,8,0,0.0,7,3.7700,8.9983,12.7683,0.07944,0,F0:7,0,0,0,0,4295
2026-04-28 14:55:48,34,11,374,6,0,0.0,5,2.8900,-5.0000,-2.1100,0.07890,0,F0:5,0,0,0,0,3053
2026-04-28 14:55:53,35,1,375,7,0,0.0,6,3.0300,9.3678,12.3978,0.07837,0,F0:6,0,0,0,0,5322
2026-04-28 14:55:58,35,2,376,10,0,0.0,9,5.0600,5.6405,10.7005,0.07783,0,F0:9,0,0,0,0,7162
2026-04-28 14:56:03,35,3,377,10,0,0.0,9,4.7800,8.3391,13.1191,0.07731,0,F0:9,0,0,0,0,6714
2026-04-28 14:56:09,35,4,378,10,0,0.0,9,5.0600,8.7214,13.7814,0.07678,0,F0:9,0,0,0,0,7023
2026-04-28 14:56:15,35,5,379,11,0,0.0,10,5.5400,-4.7520,0.7880,0.07626,0,F0:10,0,0,0,0,7734
2026-04-28 14:56:18,35,6,380,4,0,0.0,3,1.2500,-5.0000,-3.7500,0.07574,0,F0:3,0,0,0,0,2379
2026-04-28 14:56:24,35,7,381,9,0,0.0,8,4.1100,-13.4550,-9.3450,0.07523,0,F0:8,0,0,0,0,7987
2026-04-28 14:56:29,35,8,382,8,0,0.0,7,3.8400,-1.8250,2.0150,0.07472,0,F0:8,0,0,0,0,4204
2026-04-28 14:56:35,35,9,383,10,0,0.0,9,5.4200,-1.1250,4.2950,0.07421,0,F0:10,0,0,0,0,3334
2026-04-28 14:56:40,35,10,384,9,0,0.0,8,4.7500,9.1051,13.8551,0.07371,0,F0:8,0,0,0,0,3982
2026-04-28 14:56:46,35,11,385,9,0,0.0,8,4.4400,9.2755,13.7155,0.07321,0,F0:8,0,0,0,0,3371
2026-04-28 14:56:52,36,1,386,9,0,0.0,8,4.2400,6.0991,10.3391,0.07271,0,F0:8,0,0,0,0,4800
2026-04-28 14:56:56,36,2,387,7,0,0.0,6,3.2900,10.6021,13.8921,0.07222,0,F0:6,0,0,0,0,4388
2026-04-28 14:57:01,36,3,388,8,0,0.0,7,4.2800,10.3255,14.6055,0.07173,0,F0:7,0,0,0,0,4212
2026-04-28 14:57:06,36,4,389,7,0,0.0,6,3.6400,11.3844,15.0244,0.07124,0,F0:6,0,0,0,0,3079
2026-04-28 14:57:10,36,5,390,6,0,0.0,5,2.7200,-5.0000,-2.2800,0.07076,0,F0:5,0,0,0,0,2060
2026-04-28 14:57:13,36,6,391,6,0,0.0,5,2.7200,-5.0000,-2.2800,0.07028,0,F0:5,0,0,0,0,2604
2026-04-28 14:57:21,36,7,392,11,0,0.0,10,5.0900,-7.1800,-2.0900,0.06980,0,F0:10,0,0,0,0,5214
2026-04-28 14:57:27,36,8,393,10,0,0.0,9,5.2900,9.3932,14.6832,0.06933,0,F0:9,0,0,0,0,3747
2026-04-28 14:57:32,36,9,394,10,0,0.0,9,5.2900,6.5843,11.8743,0.06886,0,F0:9,0,0,0,0,4736
2026-04-28 14:57:33,36,10,395,2,0,0.0,1,0.3500,-5.0000,-4.6500,0.06839,0,F0:1,0,0,0,0,1132
2026-04-28 14:57:39,36,11,396,9,0,0.0,8,4.5900,3.1117,7.7017,0.06793,0,F0:8,0,0,0,0,6158
2026-04-28 14:57:44,37,1,397,10,0,0.0,9,5.3160,4.3078,9.6238,0.06746,1,F0:7|F1:3,0,0,0,0,6291
2026-04-28 14:57:49,37,2,398,7,0,0.0,6,3.6400,9.7628,13.4028,0.06701,0,F0:6,0,0,0,0,5226
2026-04-28 14:57:55,37,3,399,10,0,0.0,9,5.2900,5.8813,11.1713,0.06655,0,F0:9,0,0,0,0,5286
2026-04-28 14:58:02,37,4,400,13,0,0.0,12,6.9900,-6.6230,0.3670,0.06610,0,F0:12,0,0,0,0,5943
2026-04-28 14:58:03,37,5,401,2,0,0.0,1,0.3500,-5.0000,-4.6500,0.06565,0,F0:1,0,0,0,0,985
2026-04-28 14:58:07,37,6,402,8,0,0.0,7,3.7700,4.8670,8.6370,0.06521,0,F0:7,0,0,0,0,3585
2026-04-28 14:58:12,37,7,403,7,0,0.0,6,3.6400,9.7152,13.3552,0.06476,0,F0:6,0,0,0,0,4204
2026-04-28 14:58:16,37,8,404,8,0,0.0,7,4.0300,9.5210,13.5510,0.06432,0,F0:7,0,0,0,0,4135
2026-04-28 14:58:22,37,9,405,9,0,0.0,8,4.4300,6.5391,10.9691,0.06389,0,F0:8,0,0,0,0,5252
2026-04-28 14:58:28,37,10,406,12,0,0.0,11,6.6100,8.1239,14.7339,0.06345,0,F0:11,0,0,0,0,5414
2026-04-28 14:58:30,37,11,407,4,0,0.0,3,1.2100,-5.0000,-3.7900,0.06302,0,F0:3,0,0,0,0,1906
2026-04-28 14:58:34,38,1,408,6,0,0.0,5,2.5300,-5.0000,-2.4700,0.06260,0,F0:5,0,0,0,0,3150
2026-04-28 14:58:37,38,2,409,6,0,0.0,5,2.4300,-5.0000,-2.5700,0.06217,0,F0:5,0,0,0,0,3144
2026-04-28 14:58:41,38,3,410,7,0,0.0,6,2.8300,-0.5631,2.2669,0.06175,0,F0:6,0,0,0,0,4799
2026-04-28 14:58:43,38,4,411,4,0,0.0,3,1.1500,-5.0000,-3.8500,0.06133,0,F0:3,0,0,0,0,3108
2026-04-28 14:58:46,38,5,412,6,0,0.0,5,2.2800,-5.0000,-2.7200,0.06091,0,F0:5,0,0,0,0,3592
2026-04-28 14:58:49,38,6,413,4,0,0.0,3,1.5000,-5.0000,-3.5000,0.06050,0,F0:3,0,0,0,0,1986
2026-04-28 14:58:51,38,7,414,4,0,0.0,3,1.5000,-5.0000,-3.5000,0.06009,0,F0:3,0,0,0,0,2274
2026-04-28 14:58:54,38,8,415,6,0,0.0,5,2.7900,-5.0000,-2.2100,0.05968,0,F0:5,0,0,0,0,3167
2026-04-28 14:58:58,38,9,416,8,0,0.0,7,3.7700,10.7809,14.5509,0.05928,0,F0:7,0,0,0,0,5707
2026-04-28 14:59:03,38,10,417,8,0,0.0,7,3.7700,10.7809,14.5509,0.05888,0,F0:7,0,0,0,0,5799
2026-04-28 14:59:05,38,11,418,4,0,0.0,3,1.4000,-5.0000,-3.6000,0.05848,0,F0:3,0,0,0,0,3090
2026-04-28 14:59:08,39,1,419,6,0,0.0,5,2.2200,-5.0000,-2.7800,0.05808,0,F0:5,0,0,0,0,3109
2026-04-28 14:59:15,39,2,420,11,0,0.0,10,5.7960,-4.6140,1.1820,0.05769,1,F0:7|F1:3,0,0,0,0,3881
2026-04-28 14:59:20,39,3,421,10,0,0.0,9,4.7800,-7.2460,-2.4660,0.05729,0,F0:9,0,0,0,0,7047
2026-04-28 14:59:27,39,4,422,11,0,0.0,10,5.1600,-3.6140,1.5460,0.05691,0,F0:10,0,0,0,0,11463
2026-04-28 14:59:34,39,5,423,11,0,0.0,10,5.3500,-8.0200,-2.6700,0.05652,0,F0:10,0,0,0,0,9573
2026-04-28 14:59:39,39,6,424,9,0,0.0,8,3.6300,-9.1820,-5.5520,0.05614,0,F0:8,0,0,0,0,7764
2026-04-28 14:59:44,39,7,425,9,0,0.0,8,4.4400,-3.8280,0.6120,0.05575,0,F0:8,0,0,0,0,6114
2026-04-28 14:59:48,39,8,426,5,0,0.0,4,1.5400,-5.0000,-3.4600,0.05538,0,F0:4,0,0,0,0,2904
2026-04-28 14:59:49,39,9,427,2,0,0.0,1,0.3500,-5.0000,-4.6500,0.05500,0,F0:1,0,0,0,0,800
2026-04-28 14:59:54,39,10,428,9,0,0.0,8,4.5900,4.2161,8.8061,0.05463,0,F0:8,0,0,0,0,5270
2026-04-28 14:59:58,39,11,429,8,0,0.0,7,3.9200,7.7935,11.7135,0.05426,0,F0:7,0,0,0,0,4546
2026-04-28 15:00:07,40,1,430,16,0,0.0,15,9.5500,4.1945,13.7445,0.05389,0,F0:15,0,0,0,0,8185
2026-04-28 15:00:16,40,2,431,14,0,0.0,13,8.1300,6.9079,15.0379,0.05352,0,F0:13,0,0,0,0,7660
2026-04-28 15:00:25,40,3,432,11,0,0.0,10,5.5400,-8.6300,-3.0900,0.05316,0,F0:10,0,0,0,0,5962
2026-04-28 15:00:29,40,4,433,5,0,0.0,4,1.5000,-5.0000,-3.5000,0.05280,0,F0:4,0,0,0,0,2510
2026-04-28 15:00:34,40,5,434,5,0,0.0,4,1.9100,-5.0000,-3.0900,0.05244,0,F0:5,0,0,0,0,2481
2026-04-28 15:00:41,40,6,435,10,0,0.0,9,4.7800,-8.4040,-3.6240,0.05208,0,F0:9,0,0,0,0,5194
2026-04-28 15:00:51,40,7,436,14,0,0.0,13,7.7100,-10.1730,-2.4630,0.05173,0,F0:13,0,0,0,0,9791
2026-04-28 15:00:59,40,8,437,11,0,0.0,10,5.7600,3.2174,8.9774,0.05138,0,F0:10,0,0,0,0,4495
2026-04-28 15:01:01,40,9,438,2,0,0.0,1,0.3500,-5.0000,-4.6500,0.05103,0,F0:1,0,0,0,0,459
2026-04-28 15:01:07,40,10,439,10,0,0.0,9,5.3800,4.0187,9.3987,0.05069,0,F0:9,0,0,0,0,3759
2026-04-28 15:01:13,40,11,440,10,0,0.0,9,4.9300,4.1091,9.0391,0.05034,0,F0:9,0,0,0,0,4015
2026-04-28 15:01:19,41,1,441,9,0,0.0,8,4.7900,9.5052,14.2952,0.05000,0,F0:8,0,0,0,0,3780
2026-04-28 15:01:24,41,2,442,9,0,0.0,8,4.7900,9.5052,14.2952,0.05000,0,F0:8,0,0,0,0,4753
2026-04-28 15:01:30,41,3,443,9,0,0.0,8,4.3400,10.4998,14.8398,0.05000,0,F0:8,0,0,0,0,4674
2026-04-28 15:01:34,41,4,444,7,0,0.0,6,3.6400,11.4635,15.1035,0.05000,0,F0:6,0,0,0,0,3114
2026-04-28 15:01:39,41,5,445,8,0,0.0,7,3.5700,0.7432,4.3132,0.05000,0,F0:7,0,0,0,0,3633
2026-04-28 15:01:46,41,6,446,12,0,0.0,11,6.6100,5.6050,12.2150,0.05000,0,F0:11,0,0,0,0,5839
2026-04-28 15:01:52,41,7,447,9,0,0.0,8,4.6900,10.2886,14.9786,0.05000,0,F0:8,0,0,0,0,4443
2026-04-28 15:01:57,41,8,448,7,0,0.0,6,3.6400,11.4635,15.1035,0.05000,0,F0:6,0,0,0,0,2476
2026-04-28 15:02:01,41,9,449,7,0,0.0,6,3.5500,11.4654,15.0154,0.05000,0,F0:6,0,0,0,0,3065
2026-04-28 15:02:07,41,10,450,9,0,0.0,8,4.3900,3.4636,7.8536,0.05000,0,F0:9,0,0,0,0,3422
2026-04-28 15:02:13,41,11,451,9,0,0.0,8,3.9800,1.3966,5.3766,0.05000,0,F0:8,0,0,0,0,5086
2026-04-28 15:02:17,42,1,452,8,0,0.0,7,4.2100,11.5622,15.7722,0.05000,0,F0:7,0,0,0,0,3377
2026-04-28 15:02:23,42,2,453,10,0,0.0,9,4.9300,0.8624,5.7924,0.05000,0,F0:9,0,0,0,0,4319
2026-04-28 15:02:34,42,3,454,14,0,0.0,13,8.4700,10.0604,18.5304,0.05000,0,F0:13,0,0,0,0,6500
2026-04-28 15:02:40,42,4,455,8,0,0.0,7,3.5700,5.9675,9.5375,0.05000,0,F0:7,0,0,0,0,4294
2026-04-28 15:02:43,42,5,456,4,0,0.0,3,1.0900,-5.0000,-3.9100,0.05000,0,F0:3,0,0,0,0,1859
2026-04-28 15:02:49,42,6,457,10,0,0.0,9,5.4800,10.5555,16.0355,0.05000,0,F0:9,0,0,0,0,5158
2026-04-28 15:02:58,42,7,458,14,0,0.0,13,7.9600,7.9569,15.9169,0.05000,0,F0:13,0,0,0,0,7101
2026-04-28 15:03:08,42,8,459,11,0,0.0,10,6.1800,11.1405,17.3205,0.05000,0,F0:10,0,0,0,0,6696
2026-04-28 15:03:16,42,9,460,10,0,0.0,9,5.4500,11.1525,16.6025,0.05000,0,F0:9,0,0,0,0,4525
2026-04-28 15:03:25,42,10,461,15,0,0.0,14,8.4700,7.8950,16.3650,0.05000,0,F0:14,0,0,0,0,8582
2026-04-28 15:03:31,42,11,462,12,0,0.0,11,6.6100,3.7810,10.3910,0.05000,0,F0:11,0,0,0,0,7231
2026-04-28 15:03:39,43,1,463,13,0,0.0,12,7.0400,-3.7370,3.3030,0.05000,0,F0:12,0,0,0,0,6902
2026-04-28 15:03:45,43,2,464,12,0,0.0,11,6.5800,2.5147,9.0947,0.05000,0,F0:11,0,0,0,0,5337
2026-04-28 15:03:50,43,3,465,10,0,0.0,9,5.2900,7.5098,12.7998,0.05000,0,F0:9,0,0,0,0,4629
2026-04-28 15:03:56,43,4,466,10,0,0.0,9,5.2900,7.0329,12.3229,0.05000,0,F0:9,0,0,0,0,3469
2026-04-28 15:04:02,43,5,467,11,0,0.0,10,5.7600,6.4571,12.2171,0.05000,0,F0:10,0,0,0,0,4572
2026-04-28 15:04:08,43,6,468,12,0,0.0,11,6.5200,3.1281,9.6481,0.05000,0,F0:11,0,0,0,0,6186
2026-04-28 15:04:13,43,7,469,10,0,0.0,9,4.7700,3.8332,8.6032,0.05000,0,F0:9,0,0,0,0,4726
2026-04-28 15:04:22,43,8,470,15,0,0.0,14,8.5000,-7.2490,1.2510,0.05000,0,F0:14,0,0,0,0,7026
2026-04-28 15:04:28,43,9,471,10,0,0.0,9,4.6300,-5.5590,-0.9290,0.05000,0,F0:9,0,0,0,0,4497
2026-04-28 15:04:33,43,10,472,10,0,0.0,9,5.3500,3.4021,8.7521,0.05000,0,F0:9,0,0,0,0,4866
2026-04-28 15:04:42,43,11,473,16,0,0.0,15,9.2100,5.7769,14.9869,0.05000,0,F0:15,0,0,0,0,7969
2026-04-28 15:04:46,44,1,474,7,0,0.0,6,3.6400,11.2132,14.8532,0.05000,0,F0:6,0,0,0,0,4179
2026-04-28 15:05:07,1,1,475,7,0,0.0,6,3.6400,11.2132,14.8532,0.05000,0,F0:6,0,0,0,0,4533
